,AVG,MAX,MIN,MODALITY
0,0.3577479666375485,1.163514987607746,0.025945218817330584,walking
1,1.757734660572936,6.3837583799081,0.003754703779700108,walking
2,2.000178512207221,5.472457897571035,0.12328241332274814,walking
3,2.4868610247039356,7.634145487221236,0.09235121272532965,walking
4,1.2319595987051823,3.3807394912540563,0.07989444034797089,walking
5,1.096906188026815,3.778261540931081,0.01580864477353572,walking
6,2.9958162146509872,10.409708984141014,0.07017021320245753,walking
7,3.2445458570181307,16.136623905438626,0.09981496212776975,walking
8,2.6211261198959446,13.219745703805726,0.026751276102011445,walking
9,5.287194664349603,17.383329090365205,0.01809175864263235,walking
10,2.7169368051616143,7.714732349990246,0.4739020949884285,walking
11,4.3585134359861275,23.790014263028674,0.48111195976689736,walking
12,2.2339744267907324,7.265352901271599,0.0004237174015973011,walking
13,2.7390065120630323,12.314707035453988,0.07756723185591952,walking
14,1.7615699104569367,4.588466058188699,0.041567715799750715,walking
15,2.8061330086653804,11.268116964935572,0.2024836029807222,walking
16,3.3227853229491937,13.268277050595074,0.01906405976071568,walking
17,3.9636244786741535,20.991072346100918,0.0028067250365424457,walking
18,2.821381653908861,10.59908333561515,0.03583579904747225,walking
19,2.762037970747294,9.839910790824364,0.2739926415209144,walking
20,3.854409290632752,22.679745416853102,0.05961770999343585,walking
21,3.040073694208443,9.733578260832116,0.20890039847459008,walking
22,1.2097793374347063,3.230905789986908,0.13678027306002427,walking
23,1.508348085734216,4.862065093770637,0.108122154572726,walking
24,3.543239343174677,10.501348244019564,0.19306254180686722,walking
25,1.8987583158579036,7.01392002767957,0.07501593777265292,walking
26,2.703356138442396,9.312183460713667,0.10341008152280118,walking
27,1.2837398431971156,6.05918821932728,0.015198106824927393,walking
28,2.3251482904225993,8.567990826136365,0.1389364787285725,walking
29,2.103648997357404,5.586324923431767,0.11663722111310726,walking
30,2.414263185988455,5.972836026989482,0.0023420756989995795,walking
31,0.63645672003697,3.3960149818073653,0.003767108692603216,walking
32,1.1461824645970282,3.876907182224315,0.019787099266476815,walking
33,0.8980040667673724,2.5374300496700917,0.011893477836271593,walking
34,2.699957796305414,10.032765453451645,0.13092167435087276,walking
35,2.269491774890653,9.736850018880908,0.01220657884997145,walking
36,2.1543303664007944,8.084916286348763,0.13147483383058578,walking
37,2.453428206069621,6.79899827447931,0.004369093384143596,walking
38,3.0146597237727457,10.249921286744396,0.18967221609514695,walking
39,1.10736520076947,2.8396015293438177,0.08638254453451744,walking
40,0.9486982951207719,2.645290434260616,0.015586783821863293,walking
41,1.3464234086106188,2.5173872457455833,0.1309708570608752,walking
42,4.482226538310793,19.216863865358512,0.2666875793636976,walking
43,2.4963855172742835,10.422455614151383,0.048948510397721634,walking
44,1.6702641658358932,4.639080373874513,0.00333347774108006,walking
45,2.6578247175978964,6.638405647011563,0.11655074164331047,walking
46,1.9171213824966926,6.675110879769285,0.0,walking
47,2.3943238459803173,8.830199514794984,0.04962197252702083,walking
48,0.24040769761127453,0.9424692910436683,0.006848567046441545,walking
49,2.655254171009437,9.415535302813108,0.028673889565336452,walking
50,1.6955865136697434,7.093234788539046,0.014237363055338292,walking
51,1.1293409099700529,2.5350800562064855,0.1316830811689229,walking
52,2.349818451611992,8.472861192256751,0.08010145025422943,walking
53,3.291326016139588,13.578505656558034,0.20526599262193734,walking
54,1.4642991327800812,5.915189879191338,0.05328742505550288,walking
55,2.963444834757169,9.8403725486073,0.025278786320615865,walking
56,2.8796067044602136,8.614030041927256,0.37248615468178414,walking
57,2.473101275617407,8.61294816481476,0.10008475966215435,walking
58,3.060810094349701,11.760793885808079,0.10770048674773847,walking
59,0.5021545638615337,1.010240864730788,0.005195521878443188,walking
60,2.016526633310025,6.06918720134769,0.1297975823650308,walking
61,3.2111125595303545,9.854847415178735,0.14199117701621056,walking
62,2.5479852223913912,8.80783763199517,0.29255165360680024,walking
63,2.738176947319538,7.708091387126295,0.060408317438692016,walking
64,2.2619820270320163,6.8284354415206785,0.1876253171956801,walking
65,1.7549704406111375,4.59191196356821,0.4289041816774368,walking
66,1.6995675140224333,4.77553917136167,0.07221330977472107,walking
67,1.0897800747585895,4.197385786516488,0.09073221448694291,walking
68,3.183870633362508,11.788864231265144,0.4545645905796576,walking
69,3.1118508737916084,15.064981825251646,0.3299674000016175,walking
70,2.615410731887654,11.365280430303015,0.2525215747226959,walking
71,1.1946916515639743,3.3893836572776284,0.10259109710521841,walking
72,2.8051092790320635,7.81741009008571,0.07521145083371472,walking
73,1.3075718129267346,3.244787229408729,0.048935014406305655,walking
74,1.3539856560850632,3.116620240120474,0.06008372415466212,walking
75,1.7651263013683969,6.915672460378853,0.010871941780337124,walking
76,1.377637991061504,3.4619266585739386,0.15157935782055532,walking
77,0.4141449257411832,1.2531824306264596,0.010176527032353277,walking
78,0.8170530903405426,4.4300842340778495,0.0964957255866068,walking
79,3.210220504219664,10.62531278984163,0.08164514456595207,walking
80,2.399625991863262,10.066284472904591,0.1459347053078055,walking
81,1.617221564455471,3.6488636485355057,0.1631439205778964,walking
82,1.6517322164752921,5.0995023905128924,0.010502831440033944,walking
83,2.095613094653852,9.227644545583424,0.04870037126221938,walking
84,3.599400110723202,15.490734452076675,0.00022363556491988845,walking
85,1.8341456589879144,4.357569357877487,0.016074332557316495,walking
86,0.8777043686492956,3.1196177470788884,0.020379912115126686,walking
87,0.8098307314826285,2.7407521279902056,0.012873829047981289,walking
88,1.8125594393993778,7.407905942056701,0.0022931260455489877,walking
89,2.716325049404796,12.153291990374996,0.008969677492611794,walking
90,2.6142635303473725,7.648942448532696,0.20813040879270872,walking
91,2.4113556851498936,8.825423207408829,0.19044512361833554,walking
92,1.0319105651108282,3.207444778452409,0.19251442525871276,walking
93,3.3554627200946543,17.746187290612347,0.014698294463588724,walking
94,3.8240263584026826,15.962848024316422,0.10320044530382333,walking
95,2.313918678362811,6.8025336492802975,0.2532758211607682,walking
96,1.9441297225374814,8.013962625283096,0.003588748564638422,walking
97,0.65828175095205,1.4376073731837131,0.0956464830334145,walking
98,2.8302351298795885,10.040511684637323,0.006975547366728563,walking
99,2.4088151412080805,8.129287724976024,0.026840760865608715,walking
100,3.199632019142095,13.553011316642255,0.31194862981884164,walking
101,2.4966262262179897,9.758171936856229,0.06574416613539391,walking
102,0.9714004325329162,6.531932531653895,0.005228265138816468,walking
103,1.0748295007709716,4.687895616398482,0.00026991364714845645,walking
104,3.8052124018114357,13.3747887274407,0.13400715070986813,walking
105,2.1952713734584917,5.5882309467461635,0.08869222803476262,walking
106,1.9366638570373762,8.02162811952903,0.002117473617142096,walking
107,1.5764168500088034,4.92535423110605,0.09916796175109255,walking
108,0.7597352882150583,2.1345018927620245,0.024376826236096605,walking
109,1.5991869054212091,8.04776297951032,0.15379121409829288,walking
110,2.7192944101439958,8.92754788541352,0.16858108410710493,walking
111,3.5331723076313515,16.65737897795323,0.02588086207064144,walking
112,1.4046724096268373,8.722558232663928,0.008603886418304896,walking
113,0.8710944319094754,2.0751051657431905,0.1357098258281848,walking
114,0.8540976483782168,2.430193595365619,0.08506136383922502,walking
115,3.078548625240518,8.741495220704756,0.005154866458307872,walking
116,2.024990943595241,7.868180762440829,0.2949599647807908,walking
117,2.03351751404601,9.079372281698605,0.038574112422267604,walking
118,1.6518181789516315,7.217855965317178,0.05065888171394484,walking
119,1.4852207315276875,9.325670604422536,0.16361850660393706,walking
120,1.6570998773341503,4.223782685007355,0.027736958188142147,walking
121,2.5266545887105787,7.40969162436218,0.1286366792524518,walking
122,2.6107141761765655,11.651191749263216,0.09511820886616995,walking
123,4.017847772753239,21.922932087091326,0.06377485839356023,walking
124,1.762535329159191,5.381160239018537,0.04677060430723046,walking
125,1.6455760642182025,4.229195955833259,0.23324934871767233,walking
126,3.466014092254637,19.896866464001725,0.04294139852412826,walking
127,3.131601521161877,10.063185965242585,0.056401692055693786,walking
128,2.6534576585243315,11.580482906551062,0.3151634887586612,walking
129,3.1326181368394628,8.862200292507936,0.1336237772869442,walking
130,1.5166552724913567,3.263840596093229,0.03641800515626059,walking
131,1.7923269909568869,4.656689830740396,0.5309529158709942,walking
132,4.923085144132668,22.99498745211154,0.02067566486544692,walking
133,3.1295324085116,15.365525577605135,0.19249722061008967,walking
134,3.1046263961965925,10.739988358197252,0.1113531135260093,walking
135,4.179029745166524,20.985738476996666,0.06441006508796221,walking
136,3.3066037728886744,15.151806155454517,0.03027816208613565,walking
137,1.645143256773631,4.672903698098729,0.2877990602448097,walking
138,2.2897484168383184,6.433807271347449,0.2569135552278805,walking
139,2.517066068935495,8.295198063548069,0.05675888588845446,walking
140,4.520633793909313,26.204523556384096,0.24951248143156235,walking
141,2.7404537976053103,16.067546211784105,0.0003675602624735319,walking
142,2.575441545514058,11.062109083183936,0.23916480878727775,walking
143,3.2745226474364637,19.65742967058233,0.35481070716685004,walking
144,2.131856940886054,10.897957877935681,0.1294406454519823,walking
145,1.2761434960058424,4.070897774721638,0.024001010118837485,walking
146,3.224566427432632,8.98203704255404,0.3918910633110393,walking
147,2.479896623851097,9.524440115520914,0.12637955431811498,walking
148,5.304665955298327,23.373769427632684,0.04035863263508954,walking
149,3.149213536699367,11.558195137898103,0.028749576828536405,walking
150,3.1382111483236144,10.516483939621956,0.0898374678662055,walking
151,1.3011127151749466,4.169555699474966,0.037103243744452286,walking
152,3.3054077967230446,18.86599216145538,0.09661740076427883,walking
153,2.3703356164785334,7.300102450940581,0.4836352675578972,walking
154,4.594204880680287,27.69972461953857,0.21498467070207994,walking
155,1.556281192525058,4.055900917072281,0.3347386477495764,walking
156,2.943675756626062,8.962348774789152,0.1375806294922537,walking
157,1.9942204400392038,8.99473599293587,0.010096114733009642,walking
158,1.6309509346808775,4.620269519782244,0.23427204447217598,walking
159,3.689790582628448,11.841111890354034,0.2052430862908068,walking
160,2.9945262928579637,10.575628373903324,0.15897852650870803,walking
161,4.648932143565616,20.345870777343762,0.1335545698637013,walking
162,3.2804346243236573,18.3438263452082,0.0016319113802509833,walking
163,1.7098759239492745,4.839593331889741,0.1358230338614348,walking
164,1.3468315948452911,7.688850977378376,0.02955772632129161,walking
165,0.8669151587142524,4.821922390478932,0.02588938278830355,walking
166,3.493137288589395,10.915359023508742,0.16717196401442536,walking
167,2.2864427762688266,9.27279493054738,0.3256566099614435,walking
168,2.425934681820227,9.66604339995015,0.0801448337882551,walking
169,2.3634951014977523,10.842774628380607,0.012903174622620028,walking
170,1.0454243511348817,4.209449713708624,0.07184092034713174,walking
171,1.8185529567679881,5.0964333625195115,0.2066802007535209,walking
172,1.5195084849544616,3.4481689242177502,0.049327272619505536,walking
173,1.8844713677799727,7.353712205447534,0.013792131566166432,walking
174,1.8928902734139479,12.03786611958892,0.22033237093814506,walking
175,3.3391997108549396,12.84886697649365,0.013587459577612648,walking
176,3.069353089565374,11.680181938206026,0.055466209064629624,walking
177,3.494987600431396,18.950991529497973,0.28378351129791746,walking
178,2.368507514866409,7.834614033741765,0.006912505823928328,walking
179,3.1840432866943456,11.592817237631971,0.21658040917857768,walking
180,2.1312027384963015,9.619818233331623,0.003553692494635996,walking
181,2.0919139281463424,6.894745689353379,0.08589132120257403,walking
182,3.8447608623679437,20.384108675340553,0.04211991147678873,walking
183,4.094543771067174,23.684423345401107,0.2631209533395653,walking
184,3.4927696013207297,11.048514398745919,0.0710070073450737,walking
185,3.94166577774962,23.20263474383725,0.06103270052147103,walking
186,3.317021631611364,21.11288027396591,0.052063413014204585,walking
187,1.4261709813478067,3.540904922957136,0.06804167028273156,walking
188,0.956536879822559,5.49771013446632,0.04847197886490662,walking
189,1.757482275684596,4.090627353355812,0.18911102380241473,walking
190,2.418488817495067,9.071624194734982,0.054236161875389044,walking
191,4.2440718388844925,23.1526732441641,0.08481346669589485,walking
192,1.724538859910788,4.901023222331871,0.3439071875807116,walking
193,2.8672710277932505,14.343061273638998,0.08209083960234764,walking
194,1.9986419257101695,9.218601208207865,0.10891188075925484,walking
195,1.2459036142950353,3.515857949252073,0.3644163805624263,walking
196,1.6213253037959194,3.5010299556775912,0.17283390788644581,walking
197,2.98079550080476,11.564087094026348,0.1266848164028147,walking
198,2.531990440548291,8.160979838195473,0.07055082702750326,walking
199,4.891276606231227,22.648363146498504,0.1908763421579298,walking
200,4.171374505325063,22.17281679691934,0.10402357370852755,walking
201,2.6152828596491986,15.240493917112602,0.03514832832969894,walking
202,1.458333174525569,2.9819972697502166,0.1543439632373218,walking
203,0.9964734586394896,4.289318666364592,0.04724673744753893,walking
204,2.972722256643351,9.671834539731297,0.09644827015613622,walking
205,3.036954044628009,11.563793486926128,0.08896318130545211,walking
206,4.824925783818443,18.95452127013168,0.05685728988392569,walking
207,2.9734221490301733,8.874871559221898,0.41896581381716835,walking
208,2.550074192809499,12.195155895351327,0.26034500101099134,walking
209,2.2727665108652086,11.105892002586577,0.0019525604794008444,walking
210,2.440380684368224,11.774248812914033,0.06801455961623937,walking
211,1.9959580666844396,5.967751667408319,0.03479400269856292,walking
212,1.4849488337111938,5.53230020658888,0.2856526423793273,walking
213,3.0684314688820797,13.592784723928439,0.22938221269077186,walking
214,1.735779434874368,8.547831236350262,0.03110531767290503,walking
215,2.9906312225383247,11.26646911241476,0.03789598876404732,walking
216,2.51560247329511,17.66536285354956,0.04634130602042141,walking
217,1.5497024343759678,5.63702587344415,0.04833363211137787,walking
218,2.423751275157711,10.5084319232445,0.04087994679530915,walking
219,1.6771520060433316,7.439044859877189,0.014790996160986225,walking
220,2.444721697052031,10.536543405230372,0.11409351931716039,walking
221,3.706978909047991,11.51680186799376,0.1664401748588613,walking
222,3.596246987170958,19.64141935691687,0.035397721950053196,walking
223,1.2231129551136164,4.14247446080592,0.15494631813091608,walking
224,1.9740036688190845,7.402588180881734,0.35930749847147325,walking
225,2.6469645665885646,10.667284912863385,0.5335999596943974,walking
226,1.0120214872189355,3.197925977013073,0.014742425718043961,walking
227,2.9754837669321255,17.126309858124163,0.16205256433638482,walking
228,5.170227707639995,22.124307624896765,0.10990907412468687,walking
229,2.5827605423156195,8.227376369671605,0.07064008554741363,walking
230,3.0545533335309356,20.195471982940127,0.13908225987574419,walking
231,2.328879924543577,8.147922919763841,0.11333024073829812,walking
232,0.68462636326801,2.042628526418188,0.0447261102668115,walking
233,2.1247387541017533,7.688704066248306,0.010682227344432249,walking
234,2.151942767899915,6.656022910709549,0.1030384122500756,walking
235,2.061828557978436,8.716579384715738,0.03585192816903948,walking
236,2.798608695332793,8.895216018865183,0.26903641630799235,walking
237,1.3181727310668117,3.9287173811560336,0.14617112296987678,walking
238,1.0209373024766546,2.7229075588953453,0.02220867817979766,walking
239,2.606039257052846,9.46795499313126,0.049851142151020156,walking
240,3.763590501736716,16.71627222602612,0.27134369507375133,walking
241,3.217965906222129,8.737821558921889,0.4865187138731475,walking
242,1.7048122917872264,7.751013925169903,0.08285184826588932,walking
243,1.2255252733021096,3.6069884714287,0.19147880920134241,walking
244,2.319855714034795,11.701461101132436,0.10440449366522309,walking
245,2.4792481609484742,9.82789742741158,0.034302697712876196,walking
246,2.709610969918807,7.741536971384051,0.03300821138930843,walking
247,2.6917598391594075,7.677009730242189,0.04292823760625453,walking
248,1.0258824271297762,4.153510553323759,0.043672773910644835,walking
249,2.2450357926014974,10.031966439822407,0.9348447389080565,walking
250,2.358646259622423,6.936244518699519,0.18863895850615098,walking
251,2.085569098586747,12.88821564154854,0.0999150995951048,walking
252,3.783798790606042,16.18990400604811,0.07755808169263823,walking
253,2.4839900065199276,8.132975281794824,0.13739735174663625,walking
254,2.9369625816720775,14.310265231746527,0.21333856729560985,walking
255,4.7078453259335715,24.46826734273865,0.03266934117303144,walking
256,3.6938978938452958,13.5089111776071,0.3281850092006753,walking
257,1.1697772554359365,2.7571132143061057,0.15250039695827589,walking
258,0.8509677813906554,2.189420852145096,0.06604553886151088,walking
259,3.0120214294011673,10.541957941476333,0.21232419894699106,walking
260,3.8677985220364794,20.50355005795312,0.2245191013151615,walking
261,2.8542129048785374,17.333885097487663,0.0986634903075565,walking
262,1.6230095487120688,6.229616676191703,0.04868826920613323,walking
263,1.3179687773913804,4.5033481162132265,0.06077383327783892,walking
264,1.1793868889091816,4.116652124296209,0.03389602714411133,walking
265,2.2343163496977905,6.738977699743805,0.5201770201985347,walking
266,1.433006975074539,5.961217188583028,0.008947387915235083,walking
267,1.1707217190393129,3.956891366709775,0.1251337443531373,walking
268,1.773203402476217,8.026733390451097,0.17501569282150342,walking
269,0.8538775882597562,2.5324294936425193,0.09583269925732196,walking
270,4.776179807348308,21.4819568272032,0.32857791989478,walking
271,3.283228029658712,17.50330165586392,0.32383238492951705,walking
272,1.778020684765717,4.503055939646316,0.14998478301814266,walking
273,1.4700667858802485,4.283999880692313,0.29321425151469604,walking
274,1.9785018579197282,9.422616525527689,0.005670871459455995,walking
275,1.4297358329430627,4.743858606692419,0.01777386611324694,walking
276,2.2288269731110826,7.0152882307388795,0.1286455979364174,walking
277,1.96519074164061,5.568032089211846,0.030639629181726136,walking
278,1.1811007456494487,3.7918116783449225,0.08675530811894205,walking
279,1.3434807789205971,4.8775279520474815,0.070645900101594,walking
280,2.56624910148636,9.373209747321155,0.11776456587620565,walking
281,2.229401186512917,8.977626012994634,0.12193763119975465,walking
282,1.7652370314946322,9.629338503038888,9.002647914879702e-05,walking
283,1.9598268492000837,4.371528770884206,0.27631702857563134,walking
284,1.516086645109586,4.906938662899611,0.0975295017458997,walking
285,1.538909567452291,4.771717954998536,0.14026159118591686,walking
286,2.07803014234487,4.460102356199906,0.5083226112935595,walking
287,1.9511113578491632,5.525519338929052,0.021339821613182153,walking
288,1.18261559347339,5.483942915121418,0.008767656995374296,walking
289,0.5777590477506064,1.9041345225476967,0.020440986389388627,walking
290,1.7656628163317996,3.426880215669355,0.020561471464459302,standing
291,0.9587551639465193,4.682508411676802,0.09416398385214286,standing
292,2.7295299562558806,10.023072888549262,0.02622729981875338,standing
293,0.17479243329679087,0.6342436777518952,0.00615431689360868,standing
294,0.026461531088338576,0.05806030076116464,0.003319368821886215,standing
295,0.03213420981516402,0.080451295130187,0.0015797630360854242,standing
296,0.036549519945201565,0.07174928634422528,0.0018767677761122314,standing
297,0.07979544638261671,0.17601890430850453,0.010859737420060966,standing
298,0.11777286653975581,0.5969861000249761,0.0020525741336303582,standing
299,0.033629946917679496,0.14437414984227104,0.004011282845825193,standing
300,0.02763861871550144,0.08142124776749426,0.0011899238807551171,standing
301,0.03823853359475038,0.08451892912970571,0.0008166241388085638,standing
302,0.024982681383845438,0.05065409499788487,0.000682019260693778,standing
303,0.013488250853012085,0.03589436088155118,0.0003607859101535382,standing
304,0.012774886392300407,0.030844608274096075,0.0013511868266764537,standing
305,0.01836517398643145,0.05732081393725785,0.0020480177691322154,standing
306,0.013321425449841584,0.03938602732031171,0.0001042381255427216,standing
307,0.00878676559222349,0.01978769650604484,0.00010560887475463687,standing
308,0.01774079570006848,0.05298839108907316,0.0007697745731469752,standing
309,0.02806263588475654,0.06119033659260076,0.0007096646885962343,standing
310,0.024677301127330274,0.04648782174142241,0.001669341995688356,standing
311,0.01260133589427559,0.03961604014352815,0.0013398577533845213,standing
312,0.02420075709143911,0.059434815968034016,0.0027372668444751724,standing
313,0.015224806436653915,0.04280397264349567,0.0014193769144270618,standing
314,0.011002214642269218,0.03253347420959507,0.00043947920707232413,standing
315,0.011057555955749738,0.023484879639880774,0.0007161210243822325,standing
316,0.01169874549123473,0.031079497917573917,0.0005514930297856324,standing
317,0.0099669838942314,0.02150226044997794,0.001666976689190136,standing
318,0.014571906069372198,0.03300361425496057,0.004490326263429267,standing
319,0.013360127534734308,0.027124331317308403,0.002631876486283602,standing
320,0.013958763291354615,0.04631748814740533,0.0014368937401503246,standing
321,0.019851096480651642,0.0681635775793783,0.0019278023112363485,standing
322,0.018622666275317338,0.060247236757264844,0.0005021566921961096,standing
323,0.021264962918868237,0.04522978126405164,0.0023071786285040474,standing
324,0.015299140934592947,0.03688709752880648,0.0003300819846128178,standing
325,0.021207375125068494,0.057122542941606014,0.0002734833520516844,standing
326,0.013620920445481466,0.037828818970313094,0.0008799127160141751,standing
327,0.029615313310151475,0.0845603903491714,0.00043241015836237295,standing
328,0.030900842822683218,0.057184415406817735,0.00796881393034532,standing
329,0.018015916860877668,0.03639997032628095,0.0015313842166282399,standing
330,0.01678151487784933,0.03387589846245476,0.001535428906350944,standing
331,0.03344637249835225,0.08062402121109002,0.0040325916671015705,standing
332,0.04174836956509722,0.12280060722327235,0.002409025598758774,standing
333,0.044920047695553696,0.09321350497634384,0.008516363669652804,standing
334,0.02227170554987523,0.05700276270511395,0.0038626965407768665,standing
335,0.029050177116177876,0.08322810308934159,0.009385985106272088,standing
336,0.019169862597156376,0.04497079317314956,0.0009024470004064256,standing
337,0.02245506598419622,0.05648293557744921,0.001126952767306122,standing
338,0.036384691269687505,0.085133122719796,0.006304302901284586,standing
339,0.03399681074885652,0.10807318714400793,0.0016676611516963646,standing
340,0.01903543373719252,0.0597334761256576,0.00041905393168839566,standing
341,0.05348718007190196,0.1218214487140834,0.004308331228255469,standing
342,0.02303790550876228,0.07061243138675266,0.0012942473783876807,standing
343,0.029365226980789198,0.06548379431510831,0.0031281642731642023,standing
344,0.03942900290765827,0.10364431931412099,0.0010729675596028443,standing
345,0.13506868427415963,0.2887678267622622,0.020852964253737838,standing
346,0.046690915169434175,0.143251070824288,0.0005849456694306809,standing
347,0.03570794131358568,0.13681062966347568,0.0007693707035567598,standing
348,0.04759262522975097,0.09122912392485816,0.005974288326820343,standing
349,0.032971936231271454,0.0705590426879752,0.00210257092734345,standing
350,0.057306939138926594,0.12196561299599651,0.015477919193109813,standing
351,0.04604764494902168,0.15290703144000162,0.004381612058431017,standing
352,0.03779881233473559,0.1259243541277968,0.00020881767481206737,standing
353,0.022957821883968776,0.06268056828773005,0.004783656944313819,standing
354,0.017804561404179135,0.04976347212219956,0.003351458875972213,standing
355,0.012062874444761618,0.03258378063900835,0.001339526450253814,standing
356,0.011743318361631339,0.027854422251404998,0.0024679774360034656,standing
357,0.023186011800277365,0.0465875254553918,0.002807688946184328,standing
358,0.024397502883710898,0.07323224656242289,0.002204798710909728,standing
359,0.011922752816746752,0.02819289854812368,0.001194521523965264,standing
360,0.018458801849472795,0.05708106478068942,0.002151106671862024,standing
361,0.01198803931748813,0.03994910265711482,0.00010274059388137857,standing
362,0.011625712723922158,0.021283187707140883,0.00033568837094932746,standing
363,0.029586991419612185,0.08923815259524481,0.004307186233905469,standing
364,0.06738179973899273,0.2409116410735681,0.0030631270813934464,standing
365,0.02519938723774673,0.08378483096147882,1.1174941620950563e-05,standing
366,0.01444833972080121,0.031779114235002126,8.841129396941483e-05,standing
367,0.013826931408285621,0.027393352769534474,0.0014451402989674733,standing
368,0.012758455703687721,0.032742775244708255,0.0028232811822057613,standing
369,0.008147287611792463,0.01564709888536875,0.0011841693833005706,standing
370,0.008827672354803202,0.01958476737951287,0.0008676525302213633,standing
371,0.021443194510383234,0.07659755361849108,0.00037840688495549557,standing
372,0.01843131313784904,0.049304404293749826,0.004142145267584496,standing
373,0.011546616800497622,0.0271667796012931,0.00010734402955492328,standing
374,0.012111541323721772,0.032912522384364706,0.0006300839367145983,standing
375,0.009005485886381948,0.02336977697095577,0.0007515870243732792,standing
376,0.012960928105411496,0.033500068434175745,0.0002066390805044449,standing
377,0.010814510190491452,0.02877560861139905,0.00013061901017330513,standing
378,0.009595786286682539,0.022825176009398263,0.00036144720167996525,standing
379,0.010731318857050698,0.031185952405721196,0.0008484587256791798,standing
380,0.010277976978737512,0.023148641654811897,0.0020733523744578264,standing
381,0.01687896849717374,0.04023010393548532,0.0012810493709753956,standing
382,0.009592735631865069,0.021958408545245334,0.0009634365697301916,standing
383,0.015795854228339578,0.03491147814697371,0.0016631368102402178,standing
384,0.011929999029251737,0.02560937877771785,0.0017699753006983343,standing
385,0.01256821614397019,0.029011230456465142,0.00047400646751682984,standing
386,0.009622682899349977,0.02319769747499656,0.0003956847155386356,standing
387,0.008390066573911526,0.01701112747780087,0.0006755277426773176,standing
388,0.011051655764213445,0.02734080820566831,1.734727499069777e-05,standing
389,0.009051634923773255,0.02196009412324962,0.00022655142901584213,standing
390,0.006499652405844358,0.014116126792677264,0.0004177289361617653,standing
391,0.009979805995172342,0.03220710590672127,0.001001130434135078,standing
392,0.011224737709289556,0.03104023182902438,0.00033631189836391684,standing
393,0.007239469166825075,0.01796365100030073,0.0002836301939286301,standing
394,0.012148957609643962,0.032940077580402516,0.0004414089246544961,standing
395,0.007781325867717115,0.02692150725666309,0.0015850564725816696,standing
396,0.009824307257940746,0.021220268317694746,0.002918861561067132,standing
397,0.006271909347980498,0.017435912846998747,0.00023661599430901958,standing
398,0.01221557762505346,0.023084837774167255,0.000945596393000514,standing
399,0.007852004023063075,0.021581149528573818,4.4850072066893176e-05,standing
400,0.011343933898269517,0.027283181702703274,0.0009205560047949035,standing
401,0.011572979491826984,0.025617404306689906,0.00029528967276704066,standing
402,0.011504486288162252,0.02710201557927583,0.002093868323200354,standing
403,0.01486550530512633,0.04511160730547026,0.0012380749842790806,standing
404,0.029465058928015726,0.07798213003090737,0.006972129472663013,standing
405,0.050184644352457175,0.12846623669720714,0.0008061173963174184,standing
406,0.043203600805090045,0.09110936102314682,0.0020078712995932335,standing
407,0.0360896131964481,0.12420802025409117,0.006238373653468798,standing
408,0.052572063324465526,0.11645082448878874,0.001915632688115565,standing
409,0.035025935339903926,0.2119384417104282,0.00113640252341618,standing
410,0.02784345454464865,0.06934982126084854,0.004101559246393549,standing
411,0.011651005718461368,0.044981136648221565,0.0005403002803383572,standing
412,0.024162329738917854,0.06058680251092774,0.0065054924319554175,standing
413,0.013571026865177298,0.029757819548779096,0.002305761792484873,standing
414,0.008444636491398327,0.01769142499686005,9.819790457044064e-05,standing
415,0.010690690320114715,0.04404648499273556,0.00018821806264313068,standing
416,0.009769764411610874,0.03214140796712606,0.0004714691082465805,standing
417,0.017154681761497297,0.06400964079204563,0.004191561582832293,standing
418,0.025785901623267327,0.07391929860295754,6.89300283056582e-05,standing
419,0.04504751053250982,0.09793868751546064,0.003940787027527648,standing
420,0.04445333513485994,0.12953404972759053,0.005820752823836983,standing
421,0.02404255643297309,0.0711066616030731,0.002480013650160373,standing
422,0.02031449913033055,0.05852993164818088,0.0008868755789368521,standing
423,0.008951151224624088,0.028845482094345343,0.0008778395784414528,standing
424,0.019772305332931714,0.03605958783671959,0.0008023674714561224,standing
425,0.01071813135267649,0.024764282872979493,0.00012801418296604083,standing
426,0.024789553739726244,0.059609494534324625,0.0006435915661793246,standing
427,0.01749480034874852,0.05685862235977268,0.00012467258222415012,standing
428,0.014316161074126366,0.03396019273519002,0.0020708724341602647,standing
429,0.024099714328061832,0.059858240137135255,0.0013983831734787344,standing
430,0.1776228315258211,0.6273486112781441,0.004705074179215174,standing
431,0.7748058315704929,2.435123458788194,0.08131137796589094,standing
432,0.9294329602853382,4.323419802986017,0.023224351727375137,standing
433,1.4866941614011036,6.728257240521467,0.18020144243792835,standing
434,0.36083786490572745,1.2319598730048558,0.03976004506548847,standing
435,0.2127195276904139,0.4160862019103355,0.029310641861705733,standing
436,0.6735834068525366,1.653783324573192,0.03519963126086978,sitting
437,1.6044114192261245,4.4931496166998315,0.01654111459397356,sitting
438,1.0759202511474768,2.728693239691099,0.3609430385612189,sitting
439,0.31793609187429084,0.9225766767037449,0.011873871670825764,sitting
440,0.26601211635154987,0.52585124009547,0.06227843142036704,sitting
441,0.39609433859837634,1.4599522989564626,0.0067515810059912695,sitting
442,0.08213268825905189,0.19557538979751676,0.005404754646312071,sitting
443,0.01726258163463701,0.052359225143494115,0.00025859954863882706,sitting
444,0.012455311601636154,0.03698193421497109,0.00012060628270837981,sitting
445,0.013930091674093092,0.028526348739251972,0.0003759000788310374,sitting
446,0.015241809357980429,0.04783939655492375,0.001250274296314302,sitting
447,0.015582461211674333,0.037949747430598535,0.0004172583357036075,sitting
448,0.010951417093368554,0.02234325855658348,0.0007724015220595959,sitting
449,0.01551848135962904,0.03531545699577521,0.002613902514253752,sitting
450,0.009376300966734046,0.029424970054375166,0.0012305943132773223,sitting
451,0.013002802007196057,0.02708403873351628,0.002170017086909226,sitting
452,0.020744871056681193,0.042746452518857225,0.005138622793957381,sitting
453,0.015277044037350307,0.034115033509486636,0.0031260142934321777,sitting
454,0.014595215547295363,0.04200550601505171,0.001867319929383271,sitting
455,0.011669888033514297,0.026200493504127564,0.002169241969017577,sitting
456,0.011146536530225903,0.029649837728623396,0.0007427180663253097,sitting
457,0.013230513800230643,0.032812356192632564,0.0011790362289225698,sitting
458,0.018628486534401523,0.05393671534738331,3.6215657088334297e-05,sitting
459,0.016438323836719112,0.055934878426372237,0.00040444929601157753,sitting
460,0.00822220586573721,0.018349544168872356,7.17754543693161e-05,sitting
461,0.00986921009817554,0.02504138589759819,0.0010648428989288306,sitting
462,0.025929585909563003,0.0920286156114134,0.0030134731461934905,sitting
463,0.015740178550298366,0.03385502030362453,0.0010316775247734,sitting
464,0.01066533967893446,0.02889487634340604,0.0009666244284414205,sitting
465,0.014478750468893036,0.040972955187127624,0.0005436084324923485,sitting
466,0.013476730781259882,0.03252148222001594,0.0008998537761240044,sitting
467,0.01000323791615448,0.02848204553764866,0.0005300520629383243,sitting
468,0.020711178993062282,0.04713596440315371,2.028716349578019e-05,sitting
469,0.01111161964069951,0.03490416091307935,0.00046821311183364855,sitting
470,0.014324734489696785,0.027901866013861465,0.00013220644273914672,sitting
471,0.010647694153438803,0.02592037459416474,0.0027523164864042826,sitting
472,0.011409942116928206,0.023299207187557514,0.001298200536128391,sitting
473,0.015247400677020314,0.03298710563097984,0.004448090911203906,sitting
474,0.017927810499538732,0.06703912643561871,0.0006146226005085964,sitting
475,0.006630393506810369,0.017674396840151374,0.00024395049601011465,sitting
476,0.011864037158626198,0.028488893435369533,9.499800684764637e-06,sitting
477,0.012840161888034052,0.03367202911111278,0.0013221861848009553,sitting
478,0.01238508314244342,0.02531534944903413,0.0016560138602041974,sitting
479,0.020509347033608405,0.04326581475498337,0.006167200817330354,sitting
480,0.013787591907709167,0.03487420556031218,0.0024089659418162768,sitting
481,0.01825314387869715,0.036482779955704814,0.003309064561019426,sitting
482,0.012115910241918604,0.027101469002847267,0.004049196474964489,sitting
483,0.016500641934764932,0.041118507749079214,0.0010093594478401968,sitting
484,0.010923059733553704,0.031236593918428923,0.00038109800737906596,sitting
485,0.01729877966019211,0.03804734898520756,0.003752970789641097,sitting
486,0.01612678128802815,0.03055834145458647,0.0031461002111186076,sitting
487,0.012328522126999752,0.02887054471953121,8.070856532604864e-05,sitting
488,0.01247049120709806,0.030146212622609525,0.00037233626366095507,sitting
489,0.018077039142210913,0.0471045510089958,0.0010209765610955657,sitting
490,0.01607929863560853,0.037136815508112875,0.0046816442741342,sitting
491,0.013685090582595195,0.02985427275347341,2.0046827009068124e-05,sitting
492,0.01358398143212114,0.039333205468343735,0.0026734519358271314,sitting
493,0.011673171590482903,0.035664819438864015,0.0016479057496496807,sitting
494,0.01489691957717684,0.03925828692029576,0.0009140136943575072,sitting
495,0.02405855581780414,0.09996447061652347,0.001453247194802998,sitting
496,0.02097161200243581,0.052894979810346854,0.0004266742819964975,sitting
497,0.02239485781315255,0.0732486314002827,0.002396227381385785,sitting
498,0.011371435370544636,0.03322872442289437,0.00026774242773264234,sitting
499,0.019407803476640357,0.040925178900664605,0.001420063623132961,sitting
500,0.012134176180604084,0.029474414693906326,0.0017296631576151356,sitting
501,0.014222091346332278,0.03227782762931497,0.0002800248245655723,sitting
502,0.03158510894775653,0.1013692113373974,0.0012304078324056889,sitting
503,0.019042109658226836,0.04147907568775899,0.0016754151617810464,sitting
504,0.05370742361656937,0.21027729947425833,0.003677412487272491,sitting
505,0.019990522111106537,0.05024557805173835,0.003846503425013026,sitting
506,0.00904301363136828,0.030885754683687594,0.0003553548971044762,sitting
507,0.017257855211988606,0.08147950994624686,0.0012368133600180187,sitting
508,0.012543466732904518,0.02925414414098526,0.0006357053969274773,sitting
509,0.024607391762702234,0.08264630261108685,0.002262614096201432,sitting
510,0.014352347248148097,0.035872552694698356,0.0008544277343975892,sitting
511,0.012674482077290494,0.03448707434633924,0.00028608368310401033,sitting
512,0.028411074873401176,0.12678704192242662,0.0016893181680917024,sitting
513,0.039211724029610706,0.1180596995123242,7.346942408936741e-05,sitting
514,0.01381213492957869,0.03875721311741209,0.00012068795061814797,sitting
515,0.01396366866449495,0.031033049444461724,0.0014401583168979215,sitting
516,0.011575770815351438,0.024272737209614093,0.0011767569033818148,sitting
517,0.012447720656079516,0.03269290092810628,0.00032635548472548237,sitting
518,0.011139796680242143,0.028124570585109865,0.00162995936308441,sitting
519,0.013118910556987884,0.02424184483120939,0.0002669083696549279,sitting
520,0.01225136360143928,0.024420201714109524,0.0025508448066471345,sitting
521,0.01653487701470957,0.03571110121576737,0.0012715982903674927,sitting
522,0.01387473451495514,0.036481400797480745,0.002866977930223058,sitting
523,0.015253950534922822,0.045080401907835466,0.0001098730106541268,sitting
524,0.0135562951258128,0.030261652380620063,0.000638095279759554,sitting
525,0.011311248054685308,0.030062668388675107,0.0012423604695950274,sitting
526,0.012072441896642583,0.028152174456609558,0.0015712566316796739,sitting
527,0.015444351302111059,0.04064079736938098,0.000595330663610838,sitting
528,0.015157087852090712,0.030057465900037883,0.0007138438370777322,sitting
529,0.016463499154588113,0.03164226649488633,0.006882163220872428,sitting
530,0.014384633508519092,0.03519228804457164,0.001512875250369916,sitting
531,0.015899122984868206,0.03752934360986515,0.0013829420028859118,sitting
532,0.015162379245007629,0.03879008077446322,0.002123346905127832,sitting
533,0.016314312890998415,0.032104417627486725,0.0012860828656791057,sitting
534,0.014667903415237937,0.03007095696725237,2.2167845939335962e-05,sitting
535,0.015164958875034528,0.035581835222059155,7.998153066246516e-05,sitting
536,0.013834011099271848,0.03098074747786228,0.0007359087737590642,sitting
537,0.01107522910736669,0.031790160280330326,0.001633079756890865,sitting
538,0.015422908330081005,0.049597388037661005,0.0009168393662442043,sitting
539,0.015409647377296998,0.04109270776051588,0.0009518250457638544,sitting
540,0.03787298546652238,0.06845072258177254,0.0019818300587566284,sitting
541,0.030291606977010943,0.0802682965586019,0.0016894327205303483,sitting
542,0.02159496994952126,0.048810600708325325,0.001383115111959654,sitting
543,0.014999121616684145,0.050630294668117415,0.00011706410265155398,sitting
544,0.014767738248615814,0.039821508641574965,0.0016889322520992067,sitting
545,0.012296694817084175,0.024081118109455346,0.0023097747180500505,sitting
546,0.01709784452507712,0.032430108343010744,0.003071354216467981,sitting
547,0.016180384594649322,0.04835894350848946,0.0009457988348557933,sitting
548,0.015540897008749372,0.04075218430669025,0.004451678219997035,sitting
549,0.014389528999106223,0.02480705422054541,0.0014111981734750145,sitting
550,0.01224431291537953,0.025141401913243655,0.002959631517148509,sitting
551,0.013123368543125836,0.024522831209642604,0.00011235505002993307,sitting
552,0.017379483172376333,0.0428382018151332,6.489213237870217e-06,sitting
553,0.01780139209018916,0.04112416565764221,0.0026744023831817287,sitting
554,0.016763556701222034,0.04736527920219302,0.0010923652791170468,sitting
555,0.02254762427171597,0.06671114415966528,0.001921992922730098,sitting
556,0.010793795831838674,0.02221414576808378,0.0004568856606930183,sitting
557,0.009730163333119653,0.028760059017898243,0.0005210265175747963,sitting
558,0.016628747726984194,0.03451963138957659,0.002266496715291666,sitting
559,0.027322806930503537,0.06934705467632796,0.003743244568184423,sitting
560,0.014437493699004045,0.05505801199108973,0.0004399312660368082,sitting
561,0.013386615932198491,0.022580015029999956,0.0007305255871941085,sitting
562,0.011335837782639994,0.0299466403304276,0.0009407801741811994,sitting
563,0.010647218869348607,0.02506510520973748,0.0010155000239269185,sitting
564,0.024954840449076462,0.05723633258875793,0.0014995055416253678,sitting
565,0.051012013048665254,0.17359063907675853,0.004190916767608854,sitting
566,0.02863580090423834,0.09472569016620547,8.507451576100777e-05,sitting
567,0.020287437751577406,0.06952863827076605,0.0033398471963526077,sitting
568,0.019492777626407887,0.08664109543581233,0.002608274078816919,sitting
569,0.02016632674754509,0.0491501398991776,0.0004342018480389953,sitting
570,0.016966100413440207,0.03270982137046552,0.005498917733097741,sitting
571,0.011218102979367983,0.02268827607344548,0.0005715164561372887,sitting
572,0.018970055928657695,0.046888342424068696,0.00018809710813449954,sitting
573,0.01727379607360846,0.047215156736163166,0.0008081178736194516,sitting
574,0.018728848494387527,0.0591754265105795,0.0031649408577720806,sitting
575,0.01512521396510588,0.06951240409402182,0.0008918118047560597,sitting
576,0.014232034868216337,0.03261869973075271,0.0009825940793071197,sitting
577,0.01584311590538962,0.04421718740536562,0.0009763235276505355,sitting
578,0.028015740719796865,0.10718418883300274,0.0025408258308026177,sitting
579,0.037632624737994114,0.09412749937697029,0.010835649699183492,sitting
580,0.06232470653484772,0.1600126793267851,0.0003231886399106543,sitting
581,0.039528040391057395,0.1296230102195377,0.0028640408395101957,sitting
582,0.012398175914564054,0.03643163047911813,0.0003080964793440444,sitting
583,0.014843385638185207,0.036801862599284973,0.00026798617940926306,sitting
584,0.007999443208769108,0.02299452679597458,0.0005771351579628714,sitting
585,0.01445839603344948,0.04554331003603629,0.0017503187800116393,sitting
586,0.013481353957259402,0.030956140249378095,0.0009114490455282009,sitting
587,0.01611133271904086,0.05035258812590904,0.00022172437440204362,sitting
588,0.016664558397964175,0.056335225493667096,0.0007262117988240391,sitting
589,0.01907382758070253,0.036271406680686624,0.002325940122585024,sitting
590,0.01650233938477624,0.033819679963206895,0.006693841066848449,sitting
591,0.0130252069034024,0.028581661952319593,0.0009878527613231824,sitting
592,0.008395209523206715,0.022151771135344944,0.0005045164171253447,sitting
593,0.009012259108254738,0.02291165634117931,3.215504822406956e-06,sitting
594,0.012482791754354516,0.03049004896614349,0.0016242745235750533,sitting
595,0.0139707937926687,0.024908361915617405,0.0015288697784470173,sitting
596,0.014004620107652362,0.036521422564973705,0.0011486311044617281,sitting
597,0.014034985800734479,0.03457235841518269,0.0027479784533479545,sitting
598,0.00956293634813612,0.025799824489327605,0.0005813426911771558,sitting
599,0.02002641107208234,0.04459469560439189,0.0007150197557113103,sitting
600,0.013542009004386846,0.02987252971352916,0.0006524533090033202,sitting
601,0.012306318864519975,0.043983729461578136,0.000612961919653543,sitting
602,0.013427263437656767,0.04037573837153374,0.00263659655631443,sitting
603,0.012651052633973236,0.03664777082768289,0.0007909540025501371,sitting
604,0.01414831165275281,0.031179955756485356,0.00427535379257904,sitting
605,0.014509731304680251,0.033196892621301544,0.0010196723840216748,sitting
606,0.013918335747429348,0.026677532144681493,0.0008869780333462529,sitting
607,0.01012222721503886,0.02061296235594412,0.0007269490438286397,sitting
608,0.013875589541420652,0.04072731580972011,0.0011746052866268286,sitting
609,0.013715708544658511,0.041946505150267654,0.00222677481071365,sitting
610,0.016472032799912162,0.042450685696898915,0.0005147373680625122,sitting
611,0.032375073009636664,0.0800782520471639,0.0009008588471353107,sitting
612,0.014347770326477279,0.0363392682588799,0.00014599358062739043,sitting
613,0.014276344676013797,0.037064802411711284,0.0005926010844063967,sitting
614,0.011902454382168533,0.03019537869193023,0.0021329998487189528,sitting
615,0.019718063202781355,0.05560498573394845,0.00034593253090875464,sitting
616,0.011714528746191395,0.0261164676012271,0.00017302594250345749,sitting
617,0.009773004231656302,0.02541759067398175,0.000650871619447102,sitting
618,0.006955807590618868,0.022484677519376106,0.00018726842303173896,sitting
619,0.013942379924641084,0.03248429754148319,1.9042609251229692e-05,sitting
620,0.012843927262433396,0.035246397693260434,0.002220775419042198,sitting
621,0.008705199736665392,0.025028800805236173,0.0005980995131107392,sitting
622,0.013630697289933142,0.03399899525670769,0.0023549951810206693,sitting
623,0.013649885983151644,0.038776160796905046,0.0037445392099719754,sitting
624,0.0185751960291217,0.033965023520961424,0.0015728920113815548,sitting
625,0.022428451099622392,0.10498769468277835,0.0005948383904925691,sitting
626,0.019710966029872434,0.05428888975349544,0.001339897627140374,sitting
627,0.011728513624474008,0.04492647587172094,0.0002499660996893027,sitting
628,0.015176981357555186,0.02909178055574202,0.004426504629384098,sitting
629,0.02180051849756334,0.0379274911025167,0.005982458648691846,sitting
630,0.014307999311896916,0.03404626049797166,0.0018881044617806708,sitting
631,0.012499876663030207,0.027574843982058894,0.0016294901468238976,sitting
632,0.010379437847218636,0.023744319318845797,0.0003568697052767078,sitting
633,0.017769186289901383,0.03808981670637479,0.00044445515266922087,sitting
634,0.011220714960045286,0.02968322101118126,0.0006913669041122006,sitting
635,0.01028758978387465,0.02789299946949697,0.0017338862465621219,sitting
636,0.013738283752738223,0.04486458856941056,0.0016111377996601561,sitting
637,0.01825303666995192,0.03562063687236616,0.0011325521785234827,sitting
638,0.01579607979953709,0.03577754795153609,0.0005117379053931614,sitting
639,0.01722024943525413,0.031098166568744645,0.005715141208508356,sitting
640,0.020366122209996482,0.03981509792855498,0.003126044879135037,sitting
641,0.011432100472770435,0.033101869461336975,0.001305414130452931,sitting
642,0.018915092765450107,0.036455430684290135,0.0028888167266885034,sitting
643,0.02388997851138299,0.05842318007241509,0.0024323898675557842,sitting
644,0.018021969633875368,0.04076546959030303,0.00039562380166557887,sitting
645,0.01372723429757663,0.039953492432099225,0.0010308343040072998,sitting
646,0.016508421975817218,0.04853266795916866,0.00046209268125885217,sitting
647,0.009683568260357767,0.02693776042649887,0.0006221690188610296,sitting
648,0.014167164622890856,0.03290916117706466,0.00037969531257608935,sitting
649,0.013709224459641733,0.03615785977129882,0.0022455922839501596,sitting
650,0.014320541009208536,0.022953400504698962,0.0001759696010310563,sitting
651,0.010196719639308682,0.03294424059006218,0.0006642535945715622,sitting
652,0.013693887169184626,0.03110589821365828,0.0013563266709262223,sitting
653,0.01587449062588604,0.05451125149687641,0.0027990368345385264,sitting
654,0.01829451496600794,0.04868392923656728,9.196887554629996e-05,sitting
655,0.045788044900641145,0.12426023126890406,5.8967324029879364e-05,sitting
656,0.06540113573372146,0.19462963045499926,0.0049996980392599255,sitting
657,0.062251009470289276,0.22262705518009263,0.007947667179822204,sitting
658,0.20599215033335352,0.8632193910204151,0.012167595616325855,sitting
659,0.3718368368675042,0.7404794971672128,0.14562675385159451,sitting
660,1.2360367196192037,4.798531722252319,0.013991605068699897,sitting
661,0.7090662369181164,2.2936752654754358,0.0941323827516829,sitting
662,0.27640057287200703,0.6999965383784854,0.03829832230711361,sitting
663,0.0944029566022504,0.25441824894017806,0.0007191305742217935,sitting
